{
    "Dataset Type": {
        "euseful_data": {
            "Best Model": "SVR",
            "Best Model Score": 0.20594194249350223,
            "Best Model SI": 0.022563382183447233,
            "Models": {
                "SVR": {
                    "best_params": {},
                    "best_rmse": 0.20594194249350223,
                    "best_si": 0.022563382183447233,
                    "param_variations": [
                        {
                            "params": {},
                            "RMSE": 0.20594194249350223,
                            "SI": 0.022563382183447233
                        }
                    ]
                },
                "SVR_tuned": {
                    "best_params": {
                        "C": 1,
                        "epsilon": 0.1,
                        "kernel": "rbf"
                    },
                    "best_rmse": 0.20594194249350223,
                    "best_si": 0.022563382183447233,
                    "param_variations": [
                        {
                            "params": {
                                "kernel": [
                                    "rbf"
                                ],
                                "C": [
                                    0.1,
                                    1
                                ],
                                "epsilon": [
                                    0.1,
                                    0.2,
                                    0.5
                                ]
                            },
                            "RMSE": 0.20594194249350223,
                            "SI": 0.022563382183447233
                        }
                    ]
                },
                "Ridge": {
                    "best_params": {},
                    "best_rmse": 32.07885400652792,
                    "best_si": 3.5143495435451135,
                    "param_variations": [
                        {
                            "params": {},
                            "RMSE": 32.07885400652792,
                            "SI": 3.5143495435451135
                        }
                    ]
                },
                "Ridge_tuned": {
                    "best_params": {
                        "alpha": 10,
                        "solver": "auto"
                    },
                    "best_rmse": 32.07884610974385,
                    "best_si": 3.514348578529803,
                    "param_variations": [
                        {
                            "params": {
                                "solver": [
                                    "auto",
                                    "lsqr",
                                    "svd"
                                ],
                                "alpha": [
                                    1,
                                    1.5,
                                    5,
                                    10,
                                    20,
                                    50
                                ]
                            },
                            "RMSE": 32.07884610974385,
                            "SI": 3.514348578529803
                        }
                    ]
                },
                "Lasso": {
                    "best_params": {},
                    "best_rmse": 32.1133468385279,
                    "best_si": 3.518056274721256,
                    "param_variations": [
                        {
                            "params": {},
                            "RMSE": 32.1133468385279,
                            "SI": 3.518056274721256
                        }
                    ]
                },
                "Lasso_tuned": {
                    "best_params": {
                        "alpha": 0.01
                    },
                    "best_rmse": 32.07887872065193,
                    "best_si": 3.5143515420209237,
                    "param_variations": [
                        {
                            "params": {
                                "alpha": [
                                    0.01,
                                    0.1,
                                    0.5,
                                    1,
                                    1.5,
                                    5,
                                    10,
                                    20,
                                    50
                                ]
                            },
                            "RMSE": 32.07887872065193,
                            "SI": 3.5143515420209237
                        }
                    ]
                },
                "MLPRegressor": {
                    "best_params": {
                        "random_state": 42,
                        "activation": "relu",
                        "alpha": 10,
                        "hidden_layer_sizes": [
                            18,
                            18,
                            24
                        ],
                        "learning_rate": "constant",
                        "learning_rate_init": 0.1,
                        "solver": "adam"
                    },
                    "best_rmse": 15.009847394087926,
                    "best_si": 1.6187699481332707,
                    "param_variations": [
                        {
                            "params": {
                                "random_state": 42,
                                "activation": "relu",
                                "alpha": 10,
                                "hidden_layer_sizes": [
                                    18,
                                    18,
                                    24
                                ],
                                "learning_rate": "constant",
                                "learning_rate_init": 0.1,
                                "solver": "adam"
                            },
                            "RMSE": 15.009847394087926,
                            "SI": 1.6187699481332707
                        }
                    ]
                },
                "MLPRegressor_tuned": {
                    "best_params": {
                        "alpha": 0.0001,
                        "batch_size": 64,
                        "early_stopping": true,
                        "hidden_layer_sizes": [
                            128,
                            256,
                            128
                        ],
                        "learning_rate_init": 0.0001,
                        "random_state": 42,
                        "shuffle": true
                    },
                    "best_rmse": 0.4895526374725207,
                    "best_si": 0.05364533256698906,
                    "param_variations": [
                        {
                            "params": {
                                "random_state": [
                                    42
                                ],
                                "batch_size": [
                                    64,
                                    200
                                ],
                                "shuffle": [
                                    false,
                                    true
                                ],
                                "early_stopping": [
                                    true
                                ],
                                "alpha": [
                                    0.0001,
                                    10
                                ],
                                "learning_rate_init": [
                                    0.0001,
                                    0.1
                                ],