Model Name,Model RMSE,Model Scatter Index
SVR,0.421002508,0.044818193
Ridge,29.8152625,3.173888556
Lasso,29.85527852,3.178087216
MLPRegressor,4.515786056,0.478877088
SVR Tuned,0.328432501,0.034963246
Ridge Tuned,29.81529038,3.173891241
Lasso Tuned,29.81532402,3.173894509
