{
    "Dataset Type": {
        "earrnom_data": {
            "Best Model": "SVR_tuned",
            "Best Model Score": 0.41948327163982424,
            "Best Model SI": 0.03921896551475104,
            "Models": {
                "SVR": {
                    "best_params": {},
                    "best_rmse": 0.41948327163982424,
                    "best_si": 0.03921896551475104,
                    "param_variations": [
                        {
                            "params": {},
                            "RMSE": 0.41948327163982424,
                            "SI": 0.03921896551475104
                        }
                    ]
                },
                "SVR_tuned": {
                    "best_params": {
                        "C": 1,
                        "epsilon": 0.1,
                        "kernel": "rbf"
                    },
                    "best_rmse": 0.41948327163982424,
                    "best_si": 0.03921896551475104,
                    "param_variations": [
                        {
                            "params": {
                                "kernel": [
                                    "rbf"
                                ],
                                "C": [
                                    0.1,
                                    1
                                ],
                                "epsilon": [
                                    0.1,
                                    0.2,
                                    0.5
                                ]
                            },
                            "RMSE": 0.41948327163982424,
                            "SI": 0.03921896551475104
                        }
                    ]
                },
                "Ridge": {
                    "best_params": {},
                    "best_rmse": 38.37566657917253,
                    "best_si": 3.5876070617419193,
                    "param_variations": [
                        {
                            "params": {},
                            "RMSE": 38.37566657917253,
                            "SI": 3.5876070617419193
                        }
                    ]
                },
                "Ridge_tuned": {
                    "best_params": {
                        "alpha": 10,
                        "solver": "auto"
                    },
                    "best_rmse": 38.375658297385115,
                    "best_si": 3.587606188087504,
                    "param_variations": [
                        {
                            "params": {
                                "solver": [
                                    "auto",
                                    "svd",
                                    "lsqr"
                                ],
                                "alpha": [
                                    1,
                                    1.5,
                                    5,
                                    10,
                                    20,
                                    50
                                ]
                            },
                            "RMSE": 38.375658297385115,
                            "SI": 3.587606188087504
                        }
                    ]
                },
                "Lasso": {
                    "best_params": {},
                    "best_rmse": 38.404641192935316,
                    "best_si": 3.5902530291891646,
                    "param_variations": [
                        {
                            "params": {},
                            "RMSE": 38.404641192935316,
                            "SI": 3.5902530291891646
                        }
                    ]
                },
                "Lasso_tuned": {
                    "best_params": {
                        "alpha": 0.01
                    },
                    "best_rmse": 38.3756887986403,
                    "best_si": 3.587608522671828,
                    "param_variations": [
                        {
                            "params": {
                                "alpha": [
                                    0.01,
                                    0.1,
                                    0.5,
                                    1,
                                    1.5,
                                    5,
                                    10,
                                    20,
                                    50
                                ]
                            },
                            "RMSE": 38.3756887986403,
                            "SI": 3.587608522671828
                        }
                    ]
                },
                "MLPRegressor": {
                    "best_params": {},
                    "best_rmse": 7.1053392248424165,
                    "best_si": 0.6638139118277198,
                    "param_variations": [
                        {
                            "params": {
                                "random_state": 42,
                                "activation": "relu",
                                "alpha": 10,
                                "hidden_layer_sizes": [
                                    18,
                                    24,
                                    18
                                ],
                                "learning_rate": "constant",
                                "learning_rate_init": 0.1,
                                "solver": "adam"
                            },
                            "RMSE": 7.1053392248424165,
                            "SI": 0.6638139118277198
                        }
                    ]
                },
                "MLPRegressor_tuned": {
                    "best_params": {
                        "alpha": 0.0001,
                        "batch_size": 64,
                        "early_stopping": true,
                        "hidden_layer_sizes": [
                            128,
                            256,
                            128
                        ],
                        "learning_rate_init": 0.0001,
                        "random_state": 42,
                        "shuffle": true
                    },
                    "best_rmse": 0.5869162976982097,
                    "best_si": 0.054874641830662506,
                    "param_variations": [
                        {
                            "params": {
                                "random_state": [
                                    42
                                ],
                                "batch_size": [
                                    64,
                                    200
                                ],
                                "shuffle": [
                                    true,
                                    false
                                ],
                                "early_stopping": [
                                    true
                                ],
                                "alpha": [
                                    0.0001,
                                    10
                                ],
                                "learning_rate_init": [
                                    0.0001,
                                    0.1
                                ],