{
    "Dataset Type": {
        "ginclss_data": {
            "Best Model": "MLPRegressor_tuned",
            "Best Model Score": 0.015067997546799716,
            "Best Model SI": 0.07876374455220934,
            "Models": {
                "SVR": {
                    "best_params": {},
                    "best_rmse": 0.07070523649894335,
                    "best_si": 0.3689094316472267,
                    "param_variations": [
                        {
                            "params": {},
                            "RMSE": 0.07070523649894335,
                            "SI": 0.3689094316472267
                        }
                    ]
                },
                "SVR_tuned": {
                    "best_params": {
                        "C": 1,
                        "epsilon": 0.1,
                        "kernel": "rbf"
                    },
                    "best_rmse": 0.07070523649894335,
                    "best_si": 0.3689094316472267,
                    "param_variations": [
                        {
                            "params": {
                                "kernel": [
                                    "rbf"
                                ],
                                "C": [
                                    0.1,
                                    1
                                ],
                                "epsilon": [
                                    0.1,
                                    0.2,
                                    0.5
                                ]
                            },
                            "RMSE": 0.07070523649894335,
                            "SI": 0.3689094316472267
                        }
                    ]
                },
                "Ridge": {
                    "best_params": {},
                    "best_rmse": 0.8172862779630606,
                    "best_si": 4.273163096017664,
                    "param_variations": [
                        {
                            "params": {},
                            "RMSE": 0.8172862779630606,
                            "SI": 4.273163096017664
                        }
                    ]
                },
                "Ridge_tuned": {
                    "best_params": {
                        "alpha": 10,
                        "solver": "auto"
                    },
                    "best_rmse": 0.8172858216744602,
                    "best_si": 4.273160798462004,
                    "param_variations": [
                        {
                            "params": {
                                "solver": [
                                    "auto",
                                    "svd",
                                    "lsqr"
                                ],
                                "alpha": [
                                    1,
                                    1.5,
                                    5,
                                    10,
                                    20,
                                    50
                                ]
                            },
                            "RMSE": 0.8172858216744602,
                            "SI": 4.273160798462004
                        }
                    ]
                },
                "Lasso": {
                    "best_params": {},
                    "best_rmse": 0.8827883544754459,
                    "best_si": 4.615833556534492,
                    "param_variations": [
                        {
                            "params": {},
                            "RMSE": 0.8827883544754459,
                            "SI": 4.615833556534492
                        }
                    ]
                },
                "Lasso_tuned": {
                    "best_params": {
                        "alpha": 0.01
                    },
                    "best_rmse": 0.8174086180363602,
                    "best_si": 4.273844534595382,
                    "param_variations": [
                        {
                            "params": {
                                "alpha": [
                                    0.01,
                                    0.1,
                                    0.5,
                                    1,
                                    1.5,
                                    5,
                                    10,
                                    20,
                                    50
                                ]
                            },
                            "RMSE": 0.8174086180363602,
                            "SI": 4.273844534595382
                        }
                    ]
                },
                "MLPRegressor": {
                    "best_params": {
                        "random_state": 42,
                        "activation": "relu",
                        "alpha": 10,
                        "hidden_layer_sizes": [
                            18,
                            18,
                            24
                        ],
                        "learning_rate": "constant",
                        "learning_rate_init": 0.1,
                        "solver": "adam"
                    },
                    "best_rmse": 0.2759627010307275,
                    "best_si": 1.4550998987499448,
                    "param_variations": [
                        {
                            "params": {
                                "random_state": 42,
                                "activation": "relu",
                                "alpha": 10,
                                "hidden_layer_sizes": [
                                    18,
                                    18,
                                    24
                                ],
                                "learning_rate": "constant",
                                "learning_rate_init": 0.1,
                                "solver": "adam"
                            },
                            "RMSE": 0.2759627010307275,
                            "SI": 1.4550998987499448
                        }
                    ]
                },
                "MLPRegressor_tuned": {
                    "best_params": {
                        "alpha": 0.0001,
                        "batch_size": 64,
                        "early_stopping": true,
                        "hidden_layer_sizes": [
                            128,
                            256,
                            128
                        ],
                        "learning_rate_init": 0.0001,
                        "random_state": 42,
                        "shuffle": true
                    },
                    "best_rmse": 0.015067997546799716,
                    "best_si": 0.07876374455220934,
                    "param_variations": [
                        {
                            "params": {
                                "random_state": [
                                    42
                                ],
                                "batch_size": [
                                    64,
                                    200
                                ],
                                "shuffle": [
                                    false,
                                    true
                                ],
                                "early_stopping": [
                                    true
                                ],
                                "alpha": [
                                    0.0001,
                                    10
                                ],
                                "learning_rate_init": [
                                    0.0001,
                                    0.1
                                ],