{
    "PV Panel Type": {
        "templss_data": {
            "Best Model": "SVR",
            "Best Model Score": 0.05406914148823831,
            "Best Model SI": 0.051709121464582314,
            "Models": {
                "SVR": {
                    "best_tuned_params": {
                        "C": 1,
                        "epsilon": 0.1,
                        "kernel": "rbf"
                    },
                    "best_tuned_rmse": 0.05406914148823831,
                    "best_tuned_si": 0.051709121464582314,
                    "param_variations": [
                        {
                            "params": {},
                            "RMSE": 0.05406914148823831,
                            "SI": 0.051709121464582314
                        },
                        {
                            "params": {
                                "kernel": [
                                    "rbf"
                                ],
                                "C": [
                                    0.1,
                                    1
                                ],
                                "epsilon": [
                                    0.1,
                                    0.2,
                                    0.5
                                ]
                            },
                            "RMSE": 0.05406914148823831,
                            "SI": 0.051709121464582314
                        }
                    ]
                },
                "Ridge": {
                    "best_tuned_params": {
                        "alpha": 50,
                        "solver": "auto"
                    },
                    "best_tuned_rmse": 5.4594191981302655,
                    "best_tuned_si": 5.22058595429612,
                    "param_variations": [
                        {
                            "params": {},
                            "RMSE": 5.459421358507582,
                            "SI": 5.220588791757738
                        },
                        {
                            "params": {
                                "solver": [
                                    "auto",
                                    "lsqr",
                                    "svd"
                                ],
                                "alpha": [
                                    1,
                                    1.5,
                                    5,
                                    10,
                                    20,
                                    50
                                ]
                            },
                            "RMSE": 5.4594191981302655,
                            "SI": 5.22058595429612
                        }
                    ]
                },
                "Lasso": {
                    "best_tuned_params": {
                        "alpha": 0.01
                    },
                    "best_tuned_rmse": 5.459444454325914,
                    "best_tuned_si": 5.220601555393253,
                    "param_variations": [
                        {
                            "params": {},
                            "RMSE": 5.543486287903365,
                            "SI": 5.300569407065502
                        },
                        {
                            "params": {
                                "alpha": [
                                    0.01,
                                    0.1,
                                    0.5,
                                    1,
                                    1.5,
                                    5,
                                    10,
                                    20,
                                    50
                                ]
                            },
                            "RMSE": 5.459444454325914,
                            "SI": 5.220601555393253
                        }
                    ]
                },
                "MLPRegressor": {
                    "best_tuned_params": {
                        "alpha": 0.0001,
                        "batch_size": 64,
                        "early_stopping": true,
                        "hidden_layer_sizes": [
                            128,
                            256,
                            128
                        ],
                        "learning_rate_init": 0.0001,
                        "random_state": 42,
                        "shuffle": true
                    },
                    "best_tuned_rmse": 0.07821545456247443,
                    "best_tuned_si": 0.07480279596333024,
                    "param_variations": [
                        {
                            "params": {
                                "random_state": 42,
                                "activation": "relu",
                                "alpha": 10,
                                "hidden_layer_sizes": [
                                    18,
                                    18,
                                    24
                                ],
                                "learning_rate": "constant",
                                "learning_rate_init": 0.1,
                                "solver": "adam"
                            },
                            "RMSE": 0.7615554786198588,
                            "SI": 0.7251619596797192
                        },
                        {
                            "params": {
                                "random_state": [
                                    42
                                ],
                                "batch_size": [
                                    64,
                                    200
                                ],
                                "shuffle": [
                                    false,
                                    true
                                ],
                                "early_stopping": [
                                    true
                                ],
                                "alpha": [
                                    0.0001,
                                    10
                                ],
                                "learning_rate_init": [
                                    0.0001,
                                    0.1
                                ],
                                "hidden_layer_sizes": [
                                    [
                                        18,
                                        24,
                                        18
                                    ],
                                    [
                                        128,
                                        256,
                                        128
                                    ]
                                ]
                            },
                            "RMSE": 0.07821545456247443,
                            "SI": 0.07480279596333024
                        }
                    ]
                },
                "Sequential": {
                    "best_tuned_params": {},
                    "best_tuned_rmse": null,
                    "best_tuned_si": null,
                    "param_variations": [
                        {
                            "params": {
                                "layers": [
                                    {
                                        "units": 32,
                                        "activation": "relu"
                                    },
                                    {
                                        "units": 64,