Model Name,Model RMSE,Model Scatter Index
SVR_tuned,0.06651342935664444,-0.5635536199653015
Ridge_tuned,0.4222060663284887,-3.5707947845409946
Lasso_tuned,0.4224745534203425,-3.5730090981648073
MLPRegressor_tuned,0.0075368868762469374,-0.06373956424126348
Sequential_tuned,,
