{
    "Dataset Type": {
        "combined_data": {
            "Best Model": "MLPRegressor_tuned",
            "Best Model Score": 0.11461974569212069,
            "Best Model SI": 0.003687798578179288,
            "Models": {
                "DecisionTreeRegressor": {
                    "best_params": {
                        "random_state": 42
                    },
                    "best_rmse": 0.2030496782809913,
                    "best_si": 0.0065327558396338,
                    "param_variations": [
                        {
                            "params": {
                                "random_state": 42
                            },
                            "RMSE": 0.2030496782809913,
                            "SI": 0.0065327558396338
                        }
                    ]
                },
                "DecisionTreeRegressor_tuned": {
                    "best_params": {
                        "max_depth": 50,
                        "min_samples_leaf": 1,
                        "min_samples_split": 3,
                        "random_state": 42
                    },
                    "best_rmse": 0.20102195450410065,
                    "best_si": 0.006467515987469289,
                    "param_variations": [
                        {
                            "params": {
                                "random_state": [
                                    42
                                ],
                                "max_depth": [
                                    5,
                                    10,
                                    15,
                                    20,
                                    50,
                                    null
                                ],
                                "min_samples_split": [
                                    2,
                                    3,
                                    4,
                                    5,
                                    8
                                ],
                                "min_samples_leaf": [
                                    1,
                                    2,
                                    3
                                ]
                            },
                            "RMSE": 0.20102195450410065,
                            "SI": 0.006467515987469289
                        }
                    ]
                },
                "MultiOutputRegressor": {
                    "best_params": {},
                    "best_rmse": 0.17930197746888155,
                    "best_si": 0.005768879169009648,
                    "param_variations": [
                        {
                            "params": {},
                            "RMSE": 0.17930197746888155,
                            "SI": 0.005768879169009648
                        }
                    ]
                },
                "MultiOutputRegressor_tuned": {
                    "best_params": {
                        "estimator__C": 1,
                        "estimator__epsilon": 0.001,
                        "estimator__kernel": "rbf"
                    },
                    "best_rmse": 0.13949837826510317,
                    "best_si": 0.004488126379629041,
                    "param_variations": [
                        {
                            "params": {
                                "estimator__kernel": [
                                    "rbf"
                                ],
                                "estimator__C": [
                                    0.1,
                                    1
                                ],
                                "estimator__epsilon": [
                                    0.001,
                                    0.01,
                                    0.1
                                ]
                            },
                            "RMSE": 0.13949837826510317,
                            "SI": 0.004488126379629041
                        }
                    ]
                },
                "MLPRegressor": {
                    "best_params": {
                        "random_state": 42,
                        "activation": "relu",
                        "alpha": 10,
                        "hidden_layer_sizes": [
                            18,
                            24,
                            18
                        ],
                        "learning_rate": "constant",
                        "learning_rate_init": 0.1,
                        "solver": "adam"
                    },
                    "best_rmse": 3.599738733686218,
                    "best_si": 0.11476822512577031,
                    "param_variations": [
                        {
                            "params": {
                                "random_state": 42,
                                "activation": "relu",
                                "alpha": 10,
                                "hidden_layer_sizes": [
                                    18,
                                    24,
                                    18
                                ],
                                "learning_rate": "constant",
                                "learning_rate_init": 0.1,
                                "solver": "adam"
                            },
                            "RMSE": 3.599738733686218,
                            "SI": 0.11476822512577031
                        }
                    ]
                },
                "MLPRegressor_tuned": {
                    "best_params": {
                        "alpha": 0.0001,
                        "batch_size": 64,
                        "early_stopping": true,
                        "hidden_layer_sizes": [
                            128,
                            256,
                            128
                        ],
                        "learning_rate_init": 0.0001,
                        "random_state": 42,
                        "shuffle": true
                    },
                    "best_rmse": 0.11461974569212069,
                    "best_si": 0.003687798578179288,
                    "param_variations": [
                        {
                            "params": {
                                "random_state": [
                                    42
                                ],
                                "batch_size": [
                                    64,
                                    200
                                ],
                                "shuffle": [
                                    true,
                                    false
                                ],
                                "early_stopping": [
                                    true
                                ],
                                "alpha": [
                                    0.0001,
                                    10
                                ],
                                "learning_rate_init": [
                                    0.0001,
                                    0.1
                                ],
                                "hidden_layer_sizes": [
                                    [
                                        18,
                                        24,
                                        18
                                    ],
                                    [
                                        128,
                                        256,
                                        128
                                    ]
                                ]
                            },
                            "RMSE": 0.11461974569212069,