{
    "PV Panel Type": {
        "earray_data": {
            "Best Model": "SVR",
            "Best Model Score": 0.21610270924664074,
            "Best Model SI": 0.022852009219959758,
            "Models": {
                "SVR": {
                    "best_tuned_params": {
                        "C": 1,
                        "epsilon": 0.1,
                        "kernel": "rbf"
                    },
                    "best_tuned_rmse": 0.21610270924664074,
                    "best_tuned_si": 0.022852009219959758,
                    "param_variations": [
                        {
                            "params": {},
                            "RMSE": 0.21610270924664074,
                            "SI": 0.022852009219959758
                        },
                        {
                            "params": {
                                "kernel": [
                                    "rbf"
                                ],
                                "C": [
                                    0.1,
                                    1
                                ],
                                "epsilon": [
                                    0.1,
                                    0.2,
                                    0.5
                                ]
                            },
                            "RMSE": 0.21610270924664074,
                            "SI": 0.022852009219959758
                        }
                    ]
                },
                "Ridge": {
                    "best_tuned_params": {
                        "alpha": 10,
                        "solver": "auto"
                    },
                    "best_tuned_rmse": 33.11635714606184,
                    "best_tuned_si": 3.501658485731122,
                    "param_variations": [
                        {
                            "params": {},
                            "RMSE": 33.116365288151435,
                            "SI": 3.501659445716205
                        },
                        {
                            "params": {
                                "solver": [
                                    "auto",
                                    "svd",
                                    "lsqr"
                                ],
                                "alpha": [
                                    1,
                                    1.5,
                                    5,
                                    10,
                                    20,
                                    50
                                ]
                            },
                            "RMSE": 33.11635714606184,
                            "SI": 3.501658485731122
                        }
                    ]
                },
                "Lasso": {
                    "best_tuned_params": {
                        "alpha": 0.01
                    },
                    "best_tuned_rmse": 33.11638997074016,
                    "best_tuned_si": 3.5016613740593665,
                    "param_variations": [
                        {
                            "params": {},
                            "RMSE": 33.149847152310116,
                            "SI": 3.5051304404788404
                        },
                        {
                            "params": {
                                "alpha": [
                                    0.01,
                                    0.1,
                                    0.5,
                                    1,
                                    1.5,
                                    5,
                                    10,
                                    20,
                                    50
                                ]
                            },
                            "RMSE": 33.11638997074016,
                            "SI": 3.5016613740593665
                        }
                    ]
                },
                "MLPRegressor": {
                    "best_tuned_params": {
                        "alpha": 0.0001,
                        "batch_size": 64,
                        "early_stopping": true,
                        "hidden_layer_sizes": [
                            128,
                            256,
                            128
                        ],
                        "learning_rate_init": 0.0001,
                        "random_state": 42,
                        "shuffle": true
                    },
                    "best_tuned_rmse": 0.44420100764608317,
                    "best_tuned_si": 0.046982793993423255,
                    "param_variations": [
                        {
                            "params": {
                                "random_state": 42,
                                "activation": "relu",
                                "alpha": 10,
                                "hidden_layer_sizes": [
                                    18,
                                    18,
                                    24
                                ],
                                "learning_rate": "constant",
                                "learning_rate_init": 0.1,
                                "solver": "adam"
                            },
                            "RMSE": 5.309265107312968,
                            "SI": 0.5617506550797479
                        },
                        {
                            "params": {
                                "random_state": [
                                    42
                                ],
                                "batch_size": [
                                    64,
                                    200
                                ],
                                "shuffle": [
                                    false,
                                    true
                                ],
                                "early_stopping": [
                                    true
                                ],
                                "alpha": [
                                    0.0001,
                                    10
                                ],
                                "learning_rate_init": [
                                    0.0001,
                                    0.1
                                ],
                                "hidden_layer_sizes": [
                                    [
                                        18,
                                        24,
                                        18
                                    ],
                                    [
                                        128,
                                        256,
                                        128
                                    ]
                                ]
                            },
                            "RMSE": 0.44420100764608317,
                            "SI": 0.046982793993423255
                        }
                    ]
                },
                "Sequential": {
                    "best_tuned_params": {},
                    "best_tuned_rmse": null,
                    "best_tuned_si": null,
                    "param_variations": [
                        {
                            "params": {
                                "layers": [
                                    {
                                        "units": 32,
                                        "activation": "relu"
                                    },
                                    {
                                        "units": 64,