{
    "Dataset Type": {
        "effsysr_data": {
            "Best Model": "MLPRegressor_tuned",
            "Best Model Score": 0.004370617563868622,
            "Best Model SI": 0.02152077379773265,
            "Models": {
                "SVR": {
                    "best_params": {},
                    "best_rmse": 0.06678122983539754,
                    "best_si": 0.3292665455134564,
                    "param_variations": [
                        {
                            "params": {},
                            "RMSE": 0.06678122983539754,
                            "SI": 0.3292665455134564
                        }
                    ]
                },
                "SVR_tuned": {
                    "best_params": {
                        "C": 0.1,
                        "epsilon": 0.1,
                        "kernel": "rbf"
                    },
                    "best_rmse": 0.06678122983539754,
                    "best_si": 0.3292665455134564,
                    "param_variations": [
                        {
                            "params": {
                                "kernel": [
                                    "rbf"
                                ],
                                "C": [
                                    0.1,
                                    1
                                ],
                                "epsilon": [
                                    0.1,
                                    0.2,
                                    0.5
                                ]
                            },
                            "RMSE": 0.06678122983539754,
                            "SI": 0.3292665455134564
                        }
                    ]
                },
                "Ridge": {
                    "best_params": {},
                    "best_rmse": 0.049564343636711965,
                    "best_si": 0.24403942612866714,
                    "param_variations": [
                        {
                            "params": {},
                            "RMSE": 0.049564343636711965,
                            "SI": 0.24403942612866714
                        }
                    ]
                },
                "Ridge_tuned": {
                    "best_params": {
                        "alpha": 1,
                        "solver": "auto"
                    },
                    "best_rmse": 0.049564343636711965,
                    "best_si": 0.24403942612866714,
                    "param_variations": [
                        {
                            "params": {
                                "solver": [
                                    "auto",
                                    "lsqr",
                                    "svd"
                                ],
                                "alpha": [
                                    1,
                                    1.5,
                                    5,
                                    10,
                                    20,
                                    50
                                ]
                            },
                            "RMSE": 0.049564343636711965,
                            "SI": 0.24403942612866714
                        }
                    ]
                },
                "Lasso": {
                    "best_params": {},
                    "best_rmse": 0.06711898882031188,
                    "best_si": 0.33047015903626814,
                    "param_variations": [
                        {
                            "params": {},
                            "RMSE": 0.06711898882031188,
                            "SI": 0.33047015903626814
                        }
                    ]
                },
                "Lasso_tuned": {
                    "best_params": {
                        "alpha": 0.01
                    },
                    "best_rmse": 0.051590292956959216,
                    "best_si": 0.2540122318270811,
                    "param_variations": [
                        {
                            "params": {
                                "alpha": [
                                    0.01,
                                    0.1,
                                    0.5,
                                    1,
                                    1.5,
                                    5,
                                    10,
                                    20,
                                    50
                                ]
                            },
                            "RMSE": 0.051590292956959216,
                            "SI": 0.2540122318270811
                        }
                    ]
                },
                "MLPRegressor": {
                    "best_params": {
                        "random_state": 42,
                        "activation": "relu",
                        "alpha": 10,
                        "hidden_layer_sizes": [
                            18,
                            18,
                            24
                        ],
                        "learning_rate": "constant",
                        "learning_rate_init": 0.1,
                        "solver": "adam"
                    },
                    "best_rmse": 0.07474357827384309,
                    "best_si": 0.36742298907971394,
                    "param_variations": [
                        {
                            "params": {
                                "random_state": 42,
                                "activation": "relu",
                                "alpha": 10,
                                "hidden_layer_sizes": [
                                    18,
                                    18,
                                    24
                                ],
                                "learning_rate": "constant",
                                "learning_rate_init": 0.1,
                                "solver": "adam"
                            },
                            "RMSE": 0.07474357827384309,
                            "SI": 0.36742298907971394
                        }
                    ]
                },
                "MLPRegressor_tuned": {
                    "best_params": {
                        "alpha": 0.0001,
                        "batch_size": 64,
                        "early_stopping": true,
                        "hidden_layer_sizes": [
                            18,
                            24,
                            18
                        ],
                        "learning_rate_init": 0.0001,
                        "random_state": 42,
                        "shuffle": true
                    },
                    "best_rmse": 0.004370617563868622,
                    "best_si": 0.02152077379773265,
                    "param_variations": [
                        {
                            "params": {
                                "random_state": [
                                    42
                                ],
                                "batch_size": [
                                    64,
                                    200
                                ],
                                "shuffle": [
                                    false,
                                    true
                                ],
                                "early_stopping": [
                                    true
                                ],
                                "alpha": [
                                    0.0001,
                                    10
                                ],
                                "learning_rate_init": [
                                    0.0001,
                                    0.1
                                ],